<?xml version="1.0"?>
<archive xmlns="http://rs.tdwg.org/dwc/text/" metadata="eml.xml">
  <core encoding="UTF-8" linesTerminatedBy="\r\n" fieldsTerminatedBy="," fieldsEnclosedBy="&quot;" ignoreHeaderLines="1" rowType="http://rs.tdwg.org/dwc/terms/Occurrence">
    <files>
      <location>atn_45866_occurrence.csv</location>
    </files>
    <id index="9"/>
    <field index="1" term="http://rs.tdwg.org/dwc/terms/basisOfRecord"/>
    <field index="2" term="http://rs.tdwg.org/dwc/terms/organismID"/>
    <field index="3" term="http://rs.tdwg.org/dwc/terms/eventDate"/>
    <field index="4" term="http://rs.tdwg.org/dwc/terms/occurrenceID"/>
    <field index="5" term="http://rs.tdwg.org/dwc/terms/decimalLatitude"/>
    <field index="6" term="http://rs.tdwg.org/dwc/terms/decimalLongitude"/>
    <field index="7" term="http://rs.tdwg.org/dwc/terms/geodeticDatum"/>
    <field index="8" term="http://rs.tdwg.org/dwc/terms/scientificName"/>
    <field index="9" term="http://rs.tdwg.org/dwc/terms/scientificNameId"/>
    <field index="10" term="http://rs.tdwg.org/dwc/terms/eventID"/>
    <field index="11" term="http://rs.tdwg.org/dwc/terms/kingdom"/>
    <field index="12" term="http://rs.tdwg.org/dwc/terms/taxonRank"/>
    <field index="13" term="http://rs.tdwg.org/dwc/terms/coordinateUncertaintyInMeters"/>
  </core>
  <extension encoding="UTF-8" linesTerminatedBy="\r\n" fieldsTerminatedBy="," fieldsEnclosedBy="&quot;" ignoreHeaderLines="1" rowType="http://rs.tdwg.org/dwc/terms/Event">
    <files>
      <location>atn_45866_event.csv</location>
    </files>
    <id index="0"/>
    <field index="1" term="http://rs.tdwg.org/dwc/terms/eventID"/>
    <field index="2" term="http://rs.tdwg.org/dwc/terms/eventDate"/>
    <field index="3" term="http://rs.tdwg.org/dwc/terms/decimalLatitude"/>
    <field index="4" term="http://rs.tdwg.org/dwc/terms/decimalLongitude"/>
    <field index="5" term="http://rs.tdwg.org/dwc/terms/geodeticDatum"/>
    <field index="6" term="http://rs.tdwg.org/dwc/terms/minimumDepthInMeters"/>
    <field index="7" term="http://rs.tdwg.org/dwc/terms/maximumDepthInMeters"/>
    <field index="8" term="http://rs.tdwg.org/dwc/terms/locationID"/>
    <field index="9" term="http://rs.tdwg.org/dwc/terms/footprintWKT"/>
    <field index="10" term="http://purl.org/dc/terms/modified"/>
  </extension>
</archive>
